{"cameraMode":{"drawMode":0,"name":"Shaded","section":"Shading Mode"},"sceneLighting":true,"audioPlay":false,"sceneViewState":{"showFog":true,"showMaterialUpdate":false,"showSkybox":true,"showFlares":true,"showImageEffects":true,"showParticleSystems":true},"in2DMode":false,"pivot":{"x":-9.047493934631348,"y":-2.797724723815918,"z":-0.23404788970947267},"rotation":{"x":-0.18964768946170808,"y":-0.31857672333717348,"z":0.06522435694932938,"w":-0.9264528751373291},"size":8.899116516113282,"orthographic":false}