{"cameraMode":{"drawMode":0,"name":"Shaded","section":"Shading Mode"},"sceneLighting":true,"audioPlay":false,"sceneViewState":{"showFog":true,"showMaterialUpdate":false,"showSkybox":true,"showFlares":true,"showImageEffects":true,"showParticleSystems":true},"in2DMode":false,"pivot":{"x":-8.673208236694336,"y":-2.5774688720703127,"z":-0.1282968372106552},"rotation":{"x":-0.28537872433662417,"y":-0.37766537070274355,"z":0.12356983125209809,"w":-0.8721927404403687},"size":7.67397403717041,"orthographic":false}